web_scraper_order,web_scraper_start_url,Pagination,V1,V2,V3,V4-src
"1771768127-1","https://sn.coinafrique.com/categorie/autres-animaux","","Canard de barbarie","12 000CFA","Diamniadio, Sénégal","https://images.coinafrique.com/thumb_5769889_uploaded_image1_1770826381.jpg"
"1771768127-2","https://sn.coinafrique.com/categorie/autres-animaux","","Taureau 300 kg","750 000CFA","Matam, Sénégal","https://images.coinafrique.com/thumb_5737439_uploaded_image1_1769181361.jpg"
"1771768127-3","https://sn.coinafrique.com/categorie/autres-animaux","","Oiseaux exotiques","Prix sur demande","Mbao, Dakar, Sénégal","https://images.coinafrique.com/thumb_5716215_uploaded_image1_1768207752.jpg"
"1771768127-4","https://sn.coinafrique.com/categorie/autres-animaux","","Scottish Fold","720 000CFA","Point E, Dakar, Sénégal","https://images.coinafrique.com/thumb_5673757_uploaded_image1_1765819078.jpg"
"1771768127-5","https://sn.coinafrique.com/categorie/autres-animaux","","Chaton","750 000CFA","Point E, Dakar, Sénégal","https://images.coinafrique.com/thumb_5673754_uploaded_image1_1765818969.jpg"
"1771768127-6","https://sn.coinafrique.com/categorie/autres-animaux","","Chaton Persan","650 000CFA","Point E, Dakar, Sénégal","https://images.coinafrique.com/thumb_5673747_uploaded_image1_1765818767.jpg"
"1771768127-7","https://sn.coinafrique.com/categorie/autres-animaux","","British Long Hair Blue","750 000CFA","Point E, Dakar, Sénégal","https://images.coinafrique.com/thumb_5673744_uploaded_image1_1765818608.jpg"
"1771768127-8","https://sn.coinafrique.com/categorie/autres-animaux","","Chaton","750 000CFA","Point E, Dakar, Sénégal","https://images.coinafrique.com/thumb_5673743_uploaded_image1_1765818498.jpg"
"1771768127-9","https://sn.coinafrique.com/categorie/autres-animaux","","Auqarium 110 litre et couple de tortue","50 000CFA","Dakar Plateau, Dakar, Sénégal","https://images.coinafrique.com/thumb_5672207_uploaded_image1_1765734200.jpg"
"1771768127-10","https://sn.coinafrique.com/categorie/autres-animaux","","Chatons","Prix sur demande","Almadies 2, Dakar, Sénégal","https://images.coinafrique.com/thumb_5671561_uploaded_image1_1765674851.jpg"
"1771768127-11","https://sn.coinafrique.com/categorie/autres-animaux","","Perroquets rose gorge","40 000CFA","Point E, Dakar, Sénégal","https://images.coinafrique.com/thumb_5668046_uploaded_image1_1765474059.jpg"
"1771768127-12","https://sn.coinafrique.com/categorie/autres-animaux","","Taureau","2 500 000CFA","Fatick, Sénégal","https://images.coinafrique.com/thumb_5634272_uploaded_image1_1763756384.jpg"
"1771768127-13","https://sn.coinafrique.com/categorie/autres-animaux","","Bœuf","650CFA","Bambey, Sénégal","https://images.coinafrique.com/thumb_5632019_uploaded_image1_1763646437.jpg"
"1771768127-14","https://sn.coinafrique.com/categorie/autres-animaux","","Bœuf","725CFA","Bambey, Sénégal","https://images.coinafrique.com/thumb_5632012_uploaded_image1_1763646301.jpg"
"1771768127-15","https://sn.coinafrique.com/categorie/autres-animaux","","Vache","350 000CFA","Patte d'oie, Dakar, Sénégal","https://images.coinafrique.com/thumb_5587581_uploaded_image1_1761220550.jpg"
"1771768127-16","https://sn.coinafrique.com/categorie/autres-animaux","","Bœufs","Prix sur demande","Pikine, Sénégal","https://images.coinafrique.com/thumb_5577776_uploaded_image1_1760656718.jpg"
"1771768127-17","https://sn.coinafrique.com/categorie/autres-animaux","","Œuf à couver","Prix sur demande","Sicap foire, Dakar, Sénégal","https://images.coinafrique.com/thumb_5570463_uploaded_image1_1760280696.jpg"
"1771768127-18","https://sn.coinafrique.com/categorie/autres-animaux","","Perroquets perruches ondulées","25 000CFA","Point E, Dakar, Sénégal","https://images.coinafrique.com/thumb_5560070_uploaded_image1_1759698099.jpg"
"1771768127-19","https://sn.coinafrique.com/categorie/autres-animaux","","Pintades","Prix sur demande","Thies, Sénégal","https://images.coinafrique.com/thumb_5547215_uploaded_image1_1759069446.jpg"
"1771768127-20","https://sn.coinafrique.com/categorie/autres-animaux","","Grand Bouc Hijazi","1 200CFA","Saint Louis, Sénégal","https://images.coinafrique.com/thumb_5547149_uploaded_image1_1759064910.jpg"
"1771768127-21","https://sn.coinafrique.com/categorie/autres-animaux","","Chat Persan chinchilla","170 000CFA","Sicap Liberté, Dakar, Sénégal","https://images.coinafrique.com/thumb_5543922_uploaded_image1_1758835732.jpg"
"1771768127-22","https://sn.coinafrique.com/categorie/autres-animaux","","Taureau métis d'insémination","2 500 000CFA","Fatick, Sénégal","https://images.coinafrique.com/thumb_5543760_uploaded_image1_1758829182.jpg"
"1771768127-23","https://sn.coinafrique.com/categorie/autres-animaux","","Taureau métis","2 500 000CFA","Fatick, Sénégal","https://images.coinafrique.com/thumb_5538746_uploaded_image1_1758579115.jpg"
"1771768127-24","https://sn.coinafrique.com/categorie/autres-animaux","","Angora turc-chat","Prix sur demande","Sicap Liberté, Dakar, Sénégal","https://images.coinafrique.com/thumb_5536029_uploaded_image1_1758435597.jpg"
"1771768127-25","https://sn.coinafrique.com/categorie/autres-animaux","","Calopsite élégante","75 000CFA","Point E, Dakar, Sénégal","https://images.coinafrique.com/thumb_5530646_uploaded_image1_1758128661.jpg"
"1771768127-26","https://sn.coinafrique.com/categorie/autres-animaux","","Chaton Chartreux","100 000CFA","Ouest Foire, Dakar, Sénégal","https://images.coinafrique.com/thumb_5523792_uploaded_image1_1757773181.jpg"
"1771768127-27","https://sn.coinafrique.com/categorie/autres-animaux","","Oies toulouse","Prix sur demande","Fass, Dakar, Sénégal","https://images.coinafrique.com/thumb_5520138_uploaded_image1_1757590578.jpg"
"1771768127-28","https://sn.coinafrique.com/categorie/autres-animaux","","Cailles et œufs de caille","3 000CFA","Guediawaye, Dakar, Sénégal","https://images.coinafrique.com/thumb_5514762_uploaded_image2_1757337112.jpeg"
"1771768127-29","https://sn.coinafrique.com/categorie/autres-animaux","","Chats","Prix sur demande","Almadies, Dakar, Sénégal","https://images.coinafrique.com/thumb_5512934_uploaded_image1_1757238653.jpg"
"1771768127-30","https://sn.coinafrique.com/categorie/autres-animaux","","Chat  siamois","Prix sur demande","Almadies, Dakar, Sénégal","https://images.coinafrique.com/thumb_5512930_uploaded_image1_1757238545.jpg"
"1771768127-31","https://sn.coinafrique.com/categorie/autres-animaux","","Paon","Prix sur demande","Thies, Sénégal","https://images.coinafrique.com/thumb_5506967_uploaded_image2_1756912377.jpeg"
"1771768127-32","https://sn.coinafrique.com/categorie/autres-animaux","","Chaton","35 000CFA","Mariste, Dakar, Sénégal","https://images.coinafrique.com/thumb_5504764_uploaded_image1_1756819478.jpg"
"1771768127-33","https://sn.coinafrique.com/categorie/autres-animaux","","Oie","40 000CFA","Dakar, Sénégal","https://images.coinafrique.com/thumb_5499869_uploaded_image1_1756556464.jpg"
"1771768127-34","https://sn.coinafrique.com/categorie/autres-animaux","","Lapin nain","Prix sur demande","Dieuppeul-Derklé, Dakar, Sénégal","https://images.coinafrique.com/thumb_5493761_uploaded_image1_1756214626.jpg"
"1771768127-35","https://sn.coinafrique.com/categorie/autres-animaux","","Chat siamois","Prix sur demande","Almadies, Dakar, Sénégal","https://images.coinafrique.com/thumb_5485800_uploaded_image1_1755771580.jpg"
"1771768127-36","https://sn.coinafrique.com/categorie/autres-animaux","","Chaton Ragdoll","950 000CFA","Dakar Plateau, Dakar, Sénégal","https://images.coinafrique.com/thumb_5482181_uploaded_image1_1755602298.jpg"
"1771768127-37","https://sn.coinafrique.com/categorie/autres-animaux","","Boeuf","Prix sur demande","Niaga, Sénégal","https://images.coinafrique.com/thumb_5480837_uploaded_image1_1755523512.jpg"
"1771768127-38","https://sn.coinafrique.com/categorie/autres-animaux","","Boeuf","Prix sur demande","Niaga, Sénégal","https://images.coinafrique.com/thumb_5480832_uploaded_image1_1755523426.jpg"
"1771768127-39","https://sn.coinafrique.com/categorie/autres-animaux","","Vache","850 000CFA","Rufisque, Sénégal","https://images.coinafrique.com/thumb_5479568_uploaded_image1_1755445038.jpg"
"1771768127-40","https://sn.coinafrique.com/categorie/autres-animaux","","Chaton Scottish","750 000CFA","Dakar Plateau, Dakar, Sénégal","https://images.coinafrique.com/thumb_5473342_uploaded_image1_1755076567.jpg"
"1771768127-41","https://sn.coinafrique.com/categorie/autres-animaux","","Chaton persan","400 000CFA","Dakar Plateau, Dakar, Sénégal","https://images.coinafrique.com/thumb_5473339_uploaded_image1_1755076399.jpg"
"1771768127-42","https://sn.coinafrique.com/categorie/autres-animaux","","Perroquets","60 000CFA","Point E, Dakar, Sénégal","https://images.coinafrique.com/thumb_5462432_uploaded_image1_1754495711.jpg"
"1771768127-43","https://sn.coinafrique.com/categorie/autres-animaux","","Bœuf","Prix sur demande","Niaga, Sénégal","https://images.coinafrique.com/thumb_5454263_uploaded_image1_1754080085.jpg"
"1771768127-44","https://sn.coinafrique.com/categorie/autres-animaux","","Bœufs","550CFA","Bambey, Sénégal","https://images.coinafrique.com/thumb_5452011_uploaded_image1_1753984227.jpg"
"1771768127-45","https://sn.coinafrique.com/categorie/autres-animaux","","Bœufs","650CFA","Bambey, Sénégal","https://images.coinafrique.com/thumb_5452005_uploaded_image1_1753984088.jpg"
"1771768127-46","https://sn.coinafrique.com/categorie/autres-animaux","","Poulet et dinde","Prix sur demande","Thies, Sénégal","https://images.coinafrique.com/thumb_5441026_uploaded_image1_1753445528.jpg"
"1771768127-47","https://sn.coinafrique.com/categorie/autres-animaux","","Bœuf","650CFA","Bambey, Sénégal","https://images.coinafrique.com/thumb_5437295_uploaded_image1_1753284704.jpg"
"1771768127-48","https://sn.coinafrique.com/categorie/autres-animaux","","Chat Siamois","250 000CFA","HLM, Dakar, Sénégal","https://images.coinafrique.com/thumb_5435961_uploaded_image1_1753216346.jpg"
"1771768127-49","https://sn.coinafrique.com/categorie/autres-animaux","","Taureau","Prix sur demande","Bambey, Sénégal","https://images.coinafrique.com/thumb_5427578_uploaded_image1_1752742760.jpg"
"1771768127-50","https://sn.coinafrique.com/categorie/autres-animaux","","Chatons","200 000CFA","Dakar Plateau, Dakar, Sénégal","https://images.coinafrique.com/thumb_5426216_uploaded_image1_1752670435.jpg"
"1771768127-51","https://sn.coinafrique.com/categorie/autres-animaux","","Tortue terrestre sulcata","Prix sur demande","Dakar, Sénégal","https://images.coinafrique.com/thumb_5422356_uploaded_image1_1752488553.jpg"
"1771768127-52","https://sn.coinafrique.com/categorie/autres-animaux","","Hamster","15 000CFA","Dakar, Sénégal","https://images.coinafrique.com/thumb_5422322_uploaded_image1_1752487140.jpg"
"1771768127-53","https://sn.coinafrique.com/categorie/autres-animaux","","Taureaux","950 000CFA","Bambey, Sénégal","https://images.coinafrique.com/thumb_5419672_uploaded_image1_1752312673.jpg"
"1771768127-54","https://sn.coinafrique.com/categorie/autres-animaux","","Dindons et dindes","Prix sur demande","Thies, Sénégal","https://images.coinafrique.com/thumb_5374129_uploaded_image1_1749898688.jpg"
"1771768127-55","https://sn.coinafrique.com/categorie/autres-animaux","","Poisson Aquarium","7 500CFA","Dakar, Sénégal","https://images.coinafrique.com/thumb_5370855_uploaded_image1_1749722665.jpg"
"1771768127-56","https://sn.coinafrique.com/categorie/autres-animaux","","Veau","6 500 000CFA","Sicap Liberté, Dakar, Sénégal","https://images.coinafrique.com/thumb_5363603_uploaded_image1_1749256640.jpg"
"1771768127-57","https://sn.coinafrique.com/categorie/autres-animaux","","Dinde","30 000CFA","Thies, Sénégal","https://images.coinafrique.com/thumb_5350940_uploaded_image1_1748524952.jpg"
"1771768127-58","https://sn.coinafrique.com/categorie/autres-animaux","","Bouc","80 000CFA","Keur Massar, Sénégal","https://images.coinafrique.com/thumb_5350345_uploaded_image1_1748476176.jpg"
"1771768127-59","https://sn.coinafrique.com/categorie/autres-animaux","","Chaton","350 000CFA","Dakar Plateau, Dakar, Sénégal","https://images.coinafrique.com/thumb_5344588_uploaded_image1_1748177635.jpg"
"1771768127-60","https://sn.coinafrique.com/categorie/autres-animaux","","Chaton Angora turc","Prix sur demande","Point E, Dakar, Sénégal","https://images.coinafrique.com/thumb_5341379_uploaded_image1_1747965234.jpg"
"1771768127-61","https://sn.coinafrique.com/categorie/autres-animaux","","Chatons","200 000CFA","Dakar Plateau, Dakar, Sénégal","https://images.coinafrique.com/thumb_5330509_uploaded_image1_1747360436.jpg"
"1771768127-62","https://sn.coinafrique.com/categorie/autres-animaux","","Perroquet Rose Gorge","50 000CFA","Point E, Dakar, Sénégal","https://images.coinafrique.com/thumb_5329928_uploaded_image1_1747330648.jpg"
"1771768127-63","https://sn.coinafrique.com/categorie/autres-animaux","","Cailles","Prix sur demande","Thies, Sénégal","https://images.coinafrique.com/thumb_5321576_uploaded_image1_1746893786.jpg"
"1771768127-64","https://sn.coinafrique.com/categorie/autres-animaux","","Boeuf","350 000CFA","Bambey, Sénégal","https://images.coinafrique.com/thumb_5317378_uploaded_image1_1746698849.jpg"
"1771768127-65","https://sn.coinafrique.com/categorie/autres-animaux","","Chèvre race ndama","350 000CFA","Rufisque, Sénégal","https://images.coinafrique.com/thumb_5315130_uploaded_image1_1746566615.jpg"
"1771768127-66","https://sn.coinafrique.com/categorie/autres-animaux","","Vaches","325CFA","Bambey, Sénégal","https://images.coinafrique.com/thumb_5308237_uploaded_image1_1746189283.jpg"
"1771768127-67","https://sn.coinafrique.com/categorie/autres-animaux","","Canards","7 000CFA","Hann Bel-Air, Dakar, Sénégal","https://images.coinafrique.com/thumb_5300877_uploaded_image1_1745779858.jpg"
"1771768127-68","https://sn.coinafrique.com/categorie/autres-animaux","","Cheval","Prix sur demande","Ouakam, Dakar, Sénégal","https://images.coinafrique.com/thumb_5300026_uploaded_image1_1745701177.jpg"
"1771768127-69","https://sn.coinafrique.com/categorie/autres-animaux","","Chat Persan","450 000CFA","Point E, Dakar, Sénégal","https://images.coinafrique.com/thumb_5297087_uploaded_image1_1745527617.jpg"
"1771768127-70","https://sn.coinafrique.com/categorie/autres-animaux","","Couple pintades adultes","35 000CFA","Sicap foire, Dakar, Sénégal","https://images.coinafrique.com/thumb_5295025_uploaded_image1_1745431940.jpg"
"1771768127-71","https://sn.coinafrique.com/categorie/autres-animaux","","Chaton","375 000CFA","Fann, Dakar, Sénégal","https://images.coinafrique.com/thumb_5278827_uploaded_image1_1744477884.jpg"
"1771768127-72","https://sn.coinafrique.com/categorie/autres-animaux","","Chatons Siamois","150 000CFA","Ngor, Dakar, Sénégal","https://images.coinafrique.com/thumb_5275205_uploaded_image1_1744282516.jpg"
"1771768127-73","https://sn.coinafrique.com/categorie/autres-animaux","","Vaches Montbéliarde","900CFA","Bambey, Sénégal","https://images.coinafrique.com/thumb_5262041_uploaded_image1_1743610261.jpg"
"1771768127-74","https://sn.coinafrique.com/categorie/autres-animaux","","Perroquets","60 000CFA","Point E, Dakar, Sénégal","https://images.coinafrique.com/thumb_5237101_uploaded_image1_1742244549.jpg"
"1771768127-75","https://sn.coinafrique.com/categorie/autres-animaux","","Chaton Scottish","500 000CFA","Fann, Dakar, Sénégal","https://images.coinafrique.com/thumb_5234859_uploaded_image1_1742137563.jpg"
"1771768127-76","https://sn.coinafrique.com/categorie/autres-animaux","","Boeuf","Prix sur demande","Niaga, Sénégal","https://images.coinafrique.com/thumb_5231174_uploaded_image1_1741913580.jpg"
"1771768127-77","https://sn.coinafrique.com/categorie/autres-animaux","","Perroquet","60 000CFA","Point E, Dakar, Sénégal","https://images.coinafrique.com/thumb_5214349_uploaded_image1_1741104524.jpg"
"1771768127-78","https://sn.coinafrique.com/categorie/autres-animaux","","Chaton Angora","210 000CFA","Sacré-Coeur, Dakar, Sénégal","https://images.coinafrique.com/thumb_5213818_uploaded_image1_1741086286.jpg"
"1771768127-79","https://sn.coinafrique.com/categorie/autres-animaux","","Boeuf","550CFA","Niaga, Sénégal","https://images.coinafrique.com/thumb_5205943_uploaded_image1_1740671058.jpg"
"1771768127-80","https://sn.coinafrique.com/categorie/autres-animaux","","Hamster","15 000CFA","Almadies 2, Dakar, Sénégal","https://images.coinafrique.com/thumb_5189132_uploaded_image1_1739782582.jpg"
"1771768127-81","https://sn.coinafrique.com/categorie/autres-animaux","","Canards mâles et femelles","Prix sur demande","Thies, Sénégal","https://images.coinafrique.com/thumb_5185900_uploaded_image1_1739544627.jpg"
"1771768127-82","https://sn.coinafrique.com/categorie/autres-animaux","","Caille","15 000CFA","Keur Massar, Sénégal","https://images.coinafrique.com/thumb_5182728_uploaded_image1_1739380241.jpg"
"1771768127-83","https://sn.coinafrique.com/categorie/autres-animaux","","Boeuf","Prix sur demande","Niaga, Sénégal","https://images.coinafrique.com/thumb_5179428_uploaded_image1_1739207935.jpg"
"1771768127-84","https://sn.coinafrique.com/categorie/autres-animaux","","Perroquet perruches ondulées","20 000CFA","Point E, Dakar, Sénégal","https://images.coinafrique.com/thumb_5138284_uploaded_image1_1737038687.jpg"
"1771768130-85","https://sn.coinafrique.com/categorie/poules-lapins-et-pigeons","","Poussin hermine","7 500CFA","Ouakam, Dakar, Sénégal","https://images.coinafrique.com/thumb_5786408_uploaded_image1_1771698246.jpg"
"1771768130-86","https://sn.coinafrique.com/categorie/poules-lapins-et-pigeons","","Lapereaux","Prix sur demande","Thies, Sénégal","https://images.coinafrique.com/thumb_5782021_uploaded_image1_1771503339.jpg"
"1771768130-87","https://sn.coinafrique.com/categorie/poules-lapins-et-pigeons","","Poulets de chair","3 000CFA","Dakar, Sénégal","https://images.coinafrique.com/thumb_5780864_uploaded_image1_1771450383.jpg"
"1771768130-88","https://sn.coinafrique.com/categorie/poules-lapins-et-pigeons","","Brahman herminé","35 000CFA","Dakar, Sénégal","https://images.coinafrique.com/thumb_5778994_uploaded_image1_1771363080.jpg"
"1771768130-89","https://sn.coinafrique.com/categorie/poules-lapins-et-pigeons","","Couple lapin 6 mois","35 000CFA","Pikine, Sénégal","https://images.coinafrique.com/thumb_5773429_uploaded_image1_1770999151.jpg"
"1771768130-90","https://sn.coinafrique.com/categorie/poules-lapins-et-pigeons","","Œufs fécondés","2 500CFA","Guediawaye, Dakar, Sénégal","https://images.coinafrique.com/thumb_5740994_uploaded_image1_1769368723.jpg"
"1771768130-91","https://sn.coinafrique.com/categorie/poules-lapins-et-pigeons","","Poule Brahma","10 000CFA","Dakar, Sénégal","https://images.coinafrique.com/thumb_5717554_uploaded_image1_1768255739.jpg"
"1771768130-92","https://sn.coinafrique.com/categorie/poules-lapins-et-pigeons","","Poussin dinde chair","3 500CFA","Almadies 2, Dakar, Sénégal","https://images.coinafrique.com/thumb_5714121_uploaded_image1_1768054212.jpg"
"1771768130-93","https://sn.coinafrique.com/categorie/poules-lapins-et-pigeons","","Lapins","25 000CFA","Parcelle Assainies, Dakar, Sénégal","https://images.coinafrique.com/thumb_5693264_uploaded_image1_1766935865.jpg"
"1771768130-94","https://sn.coinafrique.com/categorie/poules-lapins-et-pigeons","","Pigeons","Prix sur demande","Dakar, Sénégal","https://images.coinafrique.com/thumb_5674944_uploaded_image1_1765881198.jpg"
"1771768130-95","https://sn.coinafrique.com/categorie/poules-lapins-et-pigeons","","Pigeon King","60 000CFA","Mbao, Dakar, Sénégal","https://images.coinafrique.com/thumb_5669544_uploaded_image1_1765545674.jpg"
"1771768130-96","https://sn.coinafrique.com/categorie/poules-lapins-et-pigeons","","Poulettes pré ponte de 124 jours","5 000CFA","Dakar, Sénégal","https://images.coinafrique.com/thumb_5655142_uploaded_image2_1764832679.jpeg"
"1771768130-97","https://sn.coinafrique.com/categorie/poules-lapins-et-pigeons","","Poussin goliath","300CFA","Thies, Sénégal","https://images.coinafrique.com/thumb_5648409_uploaded_image1_1764510412.jpg"
"1771768130-98","https://sn.coinafrique.com/categorie/poules-lapins-et-pigeons","","Poulet Goliath","Prix sur demande","Mbao, Dakar, Sénégal","https://images.coinafrique.com/thumb_5648319_uploaded_image1_1764504900.jpg"
"1771768130-99","https://sn.coinafrique.com/categorie/poules-lapins-et-pigeons","","Pigeon Voyageur","20 000CFA","Rufisque, Sénégal","https://images.coinafrique.com/thumb_5642510_uploaded_image1_1764173213.jpg"
"1771768130-100","https://sn.coinafrique.com/categorie/poules-lapins-et-pigeons","","Poule Brahman","Prix sur demande","Keur Massar, Sénégal","https://images.coinafrique.com/thumb_5594420_uploaded_image1_1761683034.jpg"
"1771768130-101","https://sn.coinafrique.com/categorie/poules-lapins-et-pigeons","","Femmel cailloute","30 000CFA","Mariste, Dakar, Sénégal","https://images.coinafrique.com/thumb_5587969_uploaded_image1_1761236540.jpg"
"1771768130-102","https://sn.coinafrique.com/categorie/poules-lapins-et-pigeons","","Poule Brahman","Prix sur demande","Keur Massar, Sénégal","https://images.coinafrique.com/thumb_5577027_uploaded_image1_1760621886.jpg"
"1771768130-103","https://sn.coinafrique.com/categorie/poules-lapins-et-pigeons","","Lapin","Prix sur demande","Guediawaye, Dakar, Sénégal","https://images.coinafrique.com/thumb_5572908_uploaded_image1_1760428902.jpg"
"1771768130-104","https://sn.coinafrique.com/categorie/poules-lapins-et-pigeons","","Pigeons mondain","Prix sur demande","Guediawaye, Dakar, Sénégal","https://images.coinafrique.com/thumb_5572903_uploaded_image1_1760428699.jpg"
"1771768130-105","https://sn.coinafrique.com/categorie/poules-lapins-et-pigeons","","Couple  Mondain","130 000CFA","HLM, Dakar, Sénégal","https://images.coinafrique.com/thumb_5541428_uploaded_image1_1758715216.jpg"
"1771768130-106","https://sn.coinafrique.com/categorie/poules-lapins-et-pigeons","","Pigeon","15 000CFA","Ouest Foire, Dakar, Sénégal","https://images.coinafrique.com/thumb_5521622_uploaded_image1_1757666321.jpg"
"1771768130-107","https://sn.coinafrique.com/categorie/poules-lapins-et-pigeons","","Lapin","40 000CFA","Keur Massar, Sénégal","https://images.coinafrique.com/thumb_5514578_uploaded_image2_1757331557.jpeg"
"1771768130-108","https://sn.coinafrique.com/categorie/poules-lapins-et-pigeons","","Pigeon Mondain","120 000CFA","Guediawaye, Dakar, Sénégal","https://images.coinafrique.com/thumb_5507608_uploaded_image1_1756942600.jpg"
"1771768130-109","https://sn.coinafrique.com/categorie/poules-lapins-et-pigeons","","Pigeon Mondain","120 000CFA","Guediawaye, Dakar, Sénégal","https://images.coinafrique.com/thumb_5507606_uploaded_image1_1756942550.jpg"
"1771768130-110","https://sn.coinafrique.com/categorie/poules-lapins-et-pigeons","","Pigeons","100 000CFA","Parcelle Assainies, Dakar, Sénégal","https://images.coinafrique.com/thumb_5458528_uploaded_image1_1754315737.jpg"
"1771768130-111","https://sn.coinafrique.com/categorie/poules-lapins-et-pigeons","","Cochin caillouté","Prix sur demande","Ouakam, Dakar, Sénégal","https://images.coinafrique.com/thumb_5497195_uploaded_image1_1756395052.jpg"
"1771768130-112","https://sn.coinafrique.com/categorie/poules-lapins-et-pigeons","","Couples texans pionniers","40 000CFA","Ouakam, Dakar, Sénégal","https://images.coinafrique.com/thumb_5497183_uploaded_image1_1756394350.jpg"
"1771768130-113","https://sn.coinafrique.com/categorie/poules-lapins-et-pigeons","","Couple Mondain","100 000CFA","Ouakam, Dakar, Sénégal","https://images.coinafrique.com/thumb_5497172_uploaded_image1_1756394052.jpg"
"1771768130-114","https://sn.coinafrique.com/categorie/poules-lapins-et-pigeons","","Couple Manteau noir","15 000CFA","Ouakam, Dakar, Sénégal","https://images.coinafrique.com/thumb_5497155_uploaded_image1_1756393487.jpg"
"1771768130-115","https://sn.coinafrique.com/categorie/poules-lapins-et-pigeons","","Pigeon culbtant volga","30 000CFA","Fatick, Sénégal","https://images.coinafrique.com/thumb_5497140_uploaded_image1_1756393034.jpg"
"1771768130-116","https://sn.coinafrique.com/categorie/poules-lapins-et-pigeons","","Pigeon Lahore Levante","Prix sur demande","Thies, Sénégal","https://images.coinafrique.com/thumb_5486667_uploaded_image1_1755797873.jpg"
"1771768130-117","https://sn.coinafrique.com/categorie/poules-lapins-et-pigeons","","Pigeon Beauté Allemande","Prix sur demande","Thies, Sénégal","https://images.coinafrique.com/thumb_5486666_uploaded_image1_1755797791.jpg"
"1771768130-118","https://sn.coinafrique.com/categorie/poules-lapins-et-pigeons","","Lapin","35 000CFA","Almadies, Dakar, Sénégal","https://images.coinafrique.com/thumb_5465434_uploaded_image1_1754648894.jpg"
"1771768130-119","https://sn.coinafrique.com/categorie/poules-lapins-et-pigeons","","Lapin Métis Californien","25 000CFA","Keur Massar, Sénégal","https://images.coinafrique.com/thumb_5437884_uploaded_image1_1753306013.jpg"
"1771768130-120","https://sn.coinafrique.com/categorie/poules-lapins-et-pigeons","","Brahman herminé","Prix sur demande","Keur Massar, Sénégal","https://images.coinafrique.com/thumb_5435588_uploaded_image1_1753200754.jpg"
"1771768130-121","https://sn.coinafrique.com/categorie/poules-lapins-et-pigeons","","Poussins frisés","15 000CFA","Keur Massar, Sénégal","https://images.coinafrique.com/thumb_5430818_uploaded_image1_1752929676.jpg"
"1771768130-122","https://sn.coinafrique.com/categorie/poules-lapins-et-pigeons","","Poussins brahma blanc herminé","25 000CFA","Dieuppeul-Derklé, Dakar, Sénégal","https://images.coinafrique.com/thumb_5414572_uploaded_image1_1752060211.jpg"
"1771768130-123","https://sn.coinafrique.com/categorie/poules-lapins-et-pigeons","","Poussins brahmas importés","10 000CFA","Diamalaye 2, Dakar, Sénégal","https://images.coinafrique.com/thumb_5404325_uploaded_image1_1751544553.jpg"
"1771768130-124","https://sn.coinafrique.com/categorie/poules-lapins-et-pigeons","","Poussins frisés","15 000CFA","Keur Massar, Sénégal","https://images.coinafrique.com/thumb_5402124_uploaded_image1_1751450050.jpg"
"1771768130-125","https://sn.coinafrique.com/categorie/poules-lapins-et-pigeons","","Poussins frisés","15 000CFA","Keur Massar, Sénégal","https://images.coinafrique.com/thumb_5402120_uploaded_image1_1751449791.jpg"
"1771768130-126","https://sn.coinafrique.com/categorie/poules-lapins-et-pigeons","","Coqs colorés","8 000CFA","Biscuiterie, Dakar, Sénégal","https://images.coinafrique.com/thumb_5394586_uploaded_image1_1751020727.jpg"
"1771768130-127","https://sn.coinafrique.com/categorie/poules-lapins-et-pigeons","","Poulet pondeuses","Prix sur demande","Mbour, Sénégal","https://images.coinafrique.com/thumb_5393356_uploaded_image1_1750945446.jpg"
"1771768130-128","https://sn.coinafrique.com/categorie/poules-lapins-et-pigeons","","Lapins","Prix sur demande","Thies, Sénégal","https://images.coinafrique.com/thumb_5384185_uploaded_image1_1750435313.jpg"
"1771768130-129","https://sn.coinafrique.com/categorie/poules-lapins-et-pigeons","","Couple voyageur","15 000CFA","Mariste, Dakar, Sénégal","https://images.coinafrique.com/thumb_5381347_uploaded_image1_1750286641.jpg"
"1771768130-130","https://sn.coinafrique.com/categorie/poules-lapins-et-pigeons","","Lapin Métis californien","15 000CFA","Keur Massar, Sénégal","https://images.coinafrique.com/thumb_5364052_uploaded_image1_1749295289.jpg"
"1771768130-131","https://sn.coinafrique.com/categorie/poules-lapins-et-pigeons","","Poussins Brahma","Prix sur demande","Ouakam, Dakar, Sénégal","https://images.coinafrique.com/thumb_5352324_uploaded_image1_1748613214.jpg"
"1771768130-132","https://sn.coinafrique.com/categorie/poules-lapins-et-pigeons","","Lapins Métis Californien","10 000CFA","Keur Massar, Sénégal","https://images.coinafrique.com/thumb_5350705_uploaded_image1_1748514803.jpg"
"1771768130-133","https://sn.coinafrique.com/categorie/poules-lapins-et-pigeons","","couple mondain adulte 2024","200 000CFA","Pikine, Sénégal","https://images.coinafrique.com/thumb_5337087_uploaded_image1_1747753115.jpg"
"1771768130-134","https://sn.coinafrique.com/categorie/poules-lapins-et-pigeons","","Couple Braman Hermine","90 000CFA","Parcelle Assainies, Dakar, Sénégal","https://images.coinafrique.com/thumb_5329879_uploaded_image1_1747329681.jpg"
"1771768130-135","https://sn.coinafrique.com/categorie/poules-lapins-et-pigeons","","Couple Braman Hermine","90 000CFA","Parcelle Assainies, Dakar, Sénégal","https://images.coinafrique.com/thumb_5329869_uploaded_image1_1747329370.jpg"
"1771768130-136","https://sn.coinafrique.com/categorie/poules-lapins-et-pigeons","","Dindon","Prix sur demande","Ouakam, Dakar, Sénégal","https://images.coinafrique.com/thumb_5323572_uploaded_image1_1747046013.jpg"
"1771768130-137","https://sn.coinafrique.com/categorie/poules-lapins-et-pigeons","","Pigeon voyageur","Prix sur demande","Ouakam, Dakar, Sénégal","https://images.coinafrique.com/thumb_5323552_uploaded_image1_1747045029.jpg"
"1771768130-138","https://sn.coinafrique.com/categorie/poules-lapins-et-pigeons","","Pigeon King Indigo","Prix sur demande","Sicap Liberté, Dakar, Sénégal","https://images.coinafrique.com/thumb_5321991_uploaded_image1_1746917494.jpg"
"1771768130-139","https://sn.coinafrique.com/categorie/poules-lapins-et-pigeons","","Pigeon","30 000CFA","Thies, Sénégal","https://images.coinafrique.com/thumb_5290537_uploaded_image1_1745182886.jpg"
"1771768130-140","https://sn.coinafrique.com/categorie/poules-lapins-et-pigeons","","Poule","25 000CFA","Dakar, Sénégal","https://images.coinafrique.com/thumb_5280953_uploaded_image1_1744629489.jpg"
"1771768130-141","https://sn.coinafrique.com/categorie/poules-lapins-et-pigeons","","Lapin geant","Prix sur demande","Keur Massar, Sénégal","https://images.coinafrique.com/thumb_5276799_uploaded_image1_1744362952.jpg"
"1771768130-142","https://sn.coinafrique.com/categorie/poules-lapins-et-pigeons","","Barman","12 500CFA","Mbour, Sénégal","https://images.coinafrique.com/thumb_5276065_uploaded_image1_1744311662.jpg"
"1771768130-143","https://sn.coinafrique.com/categorie/poules-lapins-et-pigeons","","Pigeon","Prix sur demande","Dakar, Sénégal","https://images.coinafrique.com/thumb_5274182_uploaded_image1_1744216748.jpg"
"1771768130-144","https://sn.coinafrique.com/categorie/poules-lapins-et-pigeons","","Pigeons","Prix sur demande","Dakar, Sénégal","https://images.coinafrique.com/thumb_5274177_uploaded_image1_1744216637.jpg"
"1771768130-145","https://sn.coinafrique.com/categorie/poules-lapins-et-pigeons","","Pigeons voyageurs","Prix sur demande","Dakar, Sénégal","https://images.coinafrique.com/thumb_5274172_uploaded_image1_1744216429.jpg"
"1771768130-146","https://sn.coinafrique.com/categorie/poules-lapins-et-pigeons","","Brahma columbia","Prix sur demande","Parcelle Assainies, Dakar, Sénégal","https://images.coinafrique.com/thumb_5272290_uploaded_image1_1744128456.jpg"
"1771768130-147","https://sn.coinafrique.com/categorie/poules-lapins-et-pigeons","","Pigeons de race","Prix sur demande","Ouakam, Dakar, Sénégal","https://images.coinafrique.com/thumb_5258333_uploaded_image1_1743424345.jpg"
"1771768130-148","https://sn.coinafrique.com/categorie/poules-lapins-et-pigeons","","Poulet local","3 500CFA","Patte d'oie, Dakar, Sénégal","https://images.coinafrique.com/thumb_5252650_uploaded_image1_1743037834.jpg"
"1771768130-149","https://sn.coinafrique.com/categorie/poules-lapins-et-pigeons","","Pigeon","100 000CFA","Sicap Liberté, Dakar, Sénégal","https://images.coinafrique.com/thumb_5246700_uploaded_image1_1742737554.jpg"
"1771768130-150","https://sn.coinafrique.com/categorie/poules-lapins-et-pigeons","","Pigeon Mondain","150 000CFA","Guediawaye, Dakar, Sénégal","https://images.coinafrique.com/thumb_5232372_uploaded_image1_1741970489.jpg"
"1771768130-151","https://sn.coinafrique.com/categorie/poules-lapins-et-pigeons","","Lapin Métis Californien","25 000CFA","Keur Massar, Sénégal","https://images.coinafrique.com/thumb_5225208_uploaded_image1_1741633076.jpg"
"1771768130-152","https://sn.coinafrique.com/categorie/poules-lapins-et-pigeons","","Coque Hermine","50 000CFA","Dakar, Sénégal","https://images.coinafrique.com/thumb_5202384_uploaded_image1_1740482590.jpg"
"1771768130-153","https://sn.coinafrique.com/categorie/poules-lapins-et-pigeons","","Lapins métis californiens","10 000CFA","Keur Massar, Sénégal","https://images.coinafrique.com/thumb_5198096_uploaded_image1_1740225080.jpg"
"1771768130-154","https://sn.coinafrique.com/categorie/poules-lapins-et-pigeons","","Lapin Californien","120 000CFA","Almadies 2, Dakar, Sénégal","https://images.coinafrique.com/thumb_5189123_uploaded_image1_1739781768.jpg"
"1771768130-155","https://sn.coinafrique.com/categorie/poules-lapins-et-pigeons","","Pigeon voyageur","5 000CFA","Dakar Plateau, Dakar, Sénégal","https://images.coinafrique.com/thumb_5180652_uploaded_image1_1739276152.jpg"
"1771768130-156","https://sn.coinafrique.com/categorie/poules-lapins-et-pigeons","","Poussin herminé","10 000CFA","Dakar, Sénégal","https://images.coinafrique.com/thumb_5179009_uploaded_image1_1739192841.jpg"
"1771768130-157","https://sn.coinafrique.com/categorie/poules-lapins-et-pigeons","","Pigeon Mondain","150 000CFA","Guediawaye, Dakar, Sénégal","https://images.coinafrique.com/thumb_5121788_uploaded_image1_1736179154.jpg"
"1771768130-158","https://sn.coinafrique.com/categorie/poules-lapins-et-pigeons","","Lapin","12 000CFA","Diamniadio, Sénégal","https://images.coinafrique.com/thumb_5119498_uploaded_image1_1736025924.jpg"
"1771768130-159","https://sn.coinafrique.com/categorie/poules-lapins-et-pigeons","","Lapin","12 000CFA","Diamniadio, Sénégal","https://images.coinafrique.com/thumb_5119494_uploaded_image1_1736025705.jpg"
"1771768130-160","https://sn.coinafrique.com/categorie/poules-lapins-et-pigeons","","Poussin Herminé","36 000CFA","Dakar, Sénégal","https://images.coinafrique.com/thumb_5107651_uploaded_image1_1735215733.jpg"
"1771768130-161","https://sn.coinafrique.com/categorie/poules-lapins-et-pigeons","","Poussins","Prix sur demande","Parcelle Assainies, Dakar, Sénégal","https://images.coinafrique.com/thumb_5104370_uploaded_image1_1734964382.jpg"
"1771768130-162","https://sn.coinafrique.com/categorie/poules-lapins-et-pigeons","","Couple lahore lavande","30 000CFA","Patte d'oie, Dakar, Sénégal","https://images.coinafrique.com/thumb_5088564_uploaded_image1_1734010113.jpg"
"1771768130-163","https://sn.coinafrique.com/categorie/poules-lapins-et-pigeons","","Pigeon Mondain","200 000CFA","Rufisque, Sénégal","https://images.coinafrique.com/thumb_5085521_uploaded_image1_1733851166.jpg"
"1771768130-164","https://sn.coinafrique.com/categorie/poules-lapins-et-pigeons","","Poussin brahman","25 000CFA","Pikine, Sénégal","https://images.coinafrique.com/thumb_5080703_uploaded_image1_1733571477.jpg"
"1771768130-165","https://sn.coinafrique.com/categorie/poules-lapins-et-pigeons","","Mondain noir","150 000CFA","Guediawaye, Dakar, Sénégal","https://images.coinafrique.com/thumb_5078519_uploaded_image1_1733444790.jpg"
"1771768130-166","https://sn.coinafrique.com/categorie/poules-lapins-et-pigeons","","couple boulon saxe","45 000CFA","Mariste, Dakar, Sénégal","https://images.coinafrique.com/thumb_5069958_uploaded_image1_1733056070.jpg"
"1771768130-167","https://sn.coinafrique.com/categorie/poules-lapins-et-pigeons","","Poule Brahma","45 000CFA","Pikine, Sénégal","https://images.coinafrique.com/thumb_5044135_uploaded_image1_1731603018.jpg"
"1771768130-168","https://sn.coinafrique.com/categorie/poules-lapins-et-pigeons","","Couple mantau écailles de 2 mois","15 000CFA","Mbour, Sénégal","https://images.coinafrique.com/thumb_5043101_uploaded_image1_1731565347.jpg"
"1771768134-169","https://sn.coinafrique.com/categorie/moutons","","Mouton Ladoum","650 000CFA","Ndiass, Sénégal","https://images.coinafrique.com/thumb_5779027_uploaded_image1_1771365378.jpg"
"1771768134-170","https://sn.coinafrique.com/categorie/moutons","","Mâle ladoum","650 000CFA","Keur Massar, Sénégal","https://images.coinafrique.com/thumb_5777868_uploaded_image1_1771314333.jpg"
"1771768134-171","https://sn.coinafrique.com/categorie/moutons","","Femelle Ladoum","300 000CFA","Grand Dakar, Dakar, Sénégal","https://images.coinafrique.com/thumb_5731575_uploaded_image1_1768953327.jpg"
"1771768134-172","https://sn.coinafrique.com/categorie/moutons","","Femelle métisse ladoum","150 000CFA","Mermoz-Sacré Coeur, Dakar, Sénégal","https://images.coinafrique.com/thumb_5716188_uploaded_image1_1768206489.jpg"
"1771768134-173","https://sn.coinafrique.com/categorie/moutons","","Femelle Ladoum","400CFA","Rufisque, Sénégal","https://images.coinafrique.com/thumb_5714511_uploaded_image1_1768075037.jpg"
"1771768134-174","https://sn.coinafrique.com/categorie/moutons","","Mouton","95 000CFA","Dakar, Sénégal","https://images.coinafrique.com/thumb_5713625_uploaded_image1_1768039387.jpg"
"1771768134-175","https://sn.coinafrique.com/categorie/moutons","","Ladoum","Prix sur demande","Keur Massar, Sénégal","https://images.coinafrique.com/thumb_5704358_uploaded_image1_1767624865.jpg"
"1771768134-176","https://sn.coinafrique.com/categorie/moutons","","Fauteuil pliable","50 000CFA","Parcelle Assainies, Dakar, Sénégal","https://images.coinafrique.com/thumb_5641122_uploaded_image2_1764104086.jpeg"
"1771768134-177","https://sn.coinafrique.com/categorie/moutons","","Mouton","125 000CFA","Guediawaye, Dakar, Sénégal","https://images.coinafrique.com/thumb_5630109_uploaded_image1_1763563794.jpg"
"1771768134-178","https://sn.coinafrique.com/categorie/moutons","","Mouton Ladoum","800 000CFA","Guediawaye, Dakar, Sénégal","https://images.coinafrique.com/thumb_5630102_uploaded_image1_1763563551.jpg"
"1771768134-179","https://sn.coinafrique.com/categorie/moutons","","Mouton Ladoum","1 000 000CFA","Guediawaye, Dakar, Sénégal","https://images.coinafrique.com/thumb_5594186_uploaded_image1_1761667729.jpg"
"1771768134-180","https://sn.coinafrique.com/categorie/moutons","","Mouton ladoum","1 000 000CFA","Guediawaye, Dakar, Sénégal","https://images.coinafrique.com/thumb_5590609_uploaded_image1_1761399893.jpg"
"1771768134-181","https://sn.coinafrique.com/categorie/moutons","","Mouton Ladoum","1 000 000CFA","Guediawaye, Dakar, Sénégal","https://images.coinafrique.com/thumb_5571703_uploaded_image1_1760360461.jpg"
"1771768134-182","https://sn.coinafrique.com/categorie/moutons","","Mâles ladoum","300 000CFA","Mbao, Dakar, Sénégal","https://images.coinafrique.com/thumb_5570235_uploaded_image1_1760269024.jpg"
"1771768134-183","https://sn.coinafrique.com/categorie/moutons","","Mouton","200 000CFA","Pikine, Sénégal","https://images.coinafrique.com/thumb_5561288_uploaded_image1_1759765735.jpg"
"1771768134-184","https://sn.coinafrique.com/categorie/moutons","","Mouton","200 000CFA","Guediawaye, Dakar, Sénégal","https://images.coinafrique.com/thumb_5543556_uploaded_image1_1758817920.jpg"
"1771768134-185","https://sn.coinafrique.com/categorie/moutons","","Mouton","550CFA","Rufisque, Sénégal","https://images.coinafrique.com/thumb_5521645_uploaded_image1_1757668518.jpg"
"1771768134-186","https://sn.coinafrique.com/categorie/moutons","","Mouton Ladoum","800 000CFA","Thies, Sénégal","https://images.coinafrique.com/thumb_5513111_uploaded_image1_1757248013.jpg"
"1771768134-187","https://sn.coinafrique.com/categorie/moutons","","Mouton Ladoum","800 000CFA","Malikounda, Sénégal","https://images.coinafrique.com/thumb_5454220_uploaded_image1_1754077895.jpg"
"1771768134-188","https://sn.coinafrique.com/categorie/moutons","","Mouton  ladoum","550CFA","Rufisque, Sénégal","https://images.coinafrique.com/thumb_5430741_uploaded_image1_1752926224.jpg"
"1771768134-189","https://sn.coinafrique.com/categorie/moutons","","Mouton  ladoum","100 000CFA","Ouakam, Dakar, Sénégal","https://images.coinafrique.com/thumb_5416626_uploaded_image1_1752150844.jpg"
"1771768134-190","https://sn.coinafrique.com/categorie/moutons","","Mouton","550 000CFA","Rufisque, Sénégal","https://images.coinafrique.com/thumb_5401936_uploaded_image1_1751443255.jpg"
"1771768134-191","https://sn.coinafrique.com/categorie/moutons","","Ladoum Azowate","125 000CFA","Ouakam, Dakar, Sénégal","https://images.coinafrique.com/thumb_5390051_uploaded_image1_1750779449.jpg"
"1771768134-192","https://sn.coinafrique.com/categorie/moutons","","Mouton Ladoum","450 000CFA","Rufisque, Sénégal","https://images.coinafrique.com/thumb_5362962_uploaded_image1_1749209010.jpg"
"1771768134-193","https://sn.coinafrique.com/categorie/moutons","","Mouton","130 000CFA","Keur Massar, Sénégal","https://images.coinafrique.com/thumb_5362037_uploaded_image1_1749137690.jpg"
"1771768134-194","https://sn.coinafrique.com/categorie/moutons","","Mouton Ladoum","500CFA","Thies, Sénégal","https://images.coinafrique.com/thumb_5355058_uploaded_image1_1748800702.jpg"
"1771768134-195","https://sn.coinafrique.com/categorie/moutons","","Mouton de tabaski","200 000CFA","Ouakam, Dakar, Sénégal","https://images.coinafrique.com/thumb_5351264_uploaded_image1_1748542637.jpg"
"1771768134-196","https://sn.coinafrique.com/categorie/moutons","","Mouton","225 000CFA","Guediawaye, Dakar, Sénégal","https://images.coinafrique.com/thumb_5349513_uploaded_image1_1748440101.jpg"
"1771768134-197","https://sn.coinafrique.com/categorie/moutons","","Moutons","195 000CFA","Grand Yoff, Dakar, Sénégal","https://images.coinafrique.com/thumb_5349203_uploaded_image1_1748427888.jpg"
"1771768134-198","https://sn.coinafrique.com/categorie/moutons","","Mouton","180 000CFA","Keur Massar, Sénégal","https://images.coinafrique.com/thumb_5347115_uploaded_image1_1748302103.jpg"
"1771768134-199","https://sn.coinafrique.com/categorie/moutons","","Mouton","250 000CFA","Ouakam, Dakar, Sénégal","https://images.coinafrique.com/thumb_5344905_uploaded_image1_1748196909.jpg"
"1771768134-200","https://sn.coinafrique.com/categorie/moutons","","Mouton ladoum","600 000CFA","Dakar Plateau, Dakar, Sénégal","https://images.coinafrique.com/thumb_5344681_uploaded_image1_1748183751.jpg"
"1771768134-201","https://sn.coinafrique.com/categorie/moutons","","Mouton de tabaski","100 000CFA","Keur Massar, Sénégal","https://images.coinafrique.com/thumb_5344147_uploaded_image1_1748126098.jpg"
"1771768134-202","https://sn.coinafrique.com/categorie/moutons","","Moutons","225 000CFA","Ouakam, Dakar, Sénégal","https://images.coinafrique.com/thumb_5342599_uploaded_image1_1748032725.jpg"
"1771768134-203","https://sn.coinafrique.com/categorie/moutons","","Mouton","600CFA","Ouakam, Dakar, Sénégal","https://images.coinafrique.com/thumb_5342588_uploaded_image1_1748032353.jpg"
"1771768134-204","https://sn.coinafrique.com/categorie/moutons","","Mouton","350 000CFA","Parcelle Assainies, Dakar, Sénégal","https://images.coinafrique.com/thumb_5337516_uploaded_image1_1747772137.jpg"
"1771768134-205","https://sn.coinafrique.com/categorie/moutons","","Mouton","275 000CFA","Mbao, Dakar, Sénégal","https://images.coinafrique.com/thumb_5334872_uploaded_image1_1747644353.jpg"
"1771768134-206","https://sn.coinafrique.com/categorie/moutons","","Mouton","190 000CFA","Mbao, Dakar, Sénégal","https://images.coinafrique.com/thumb_5334867_uploaded_image1_1747644110.jpg"
"1771768134-207","https://sn.coinafrique.com/categorie/moutons","","Mouton Ladoum","800 000CFA","Medina, Dakar, Sénégal","https://images.coinafrique.com/thumb_5334036_uploaded_image1_1747578346.jpg"
"1771768134-208","https://sn.coinafrique.com/categorie/moutons","","Mouton de race","350 000CFA","Guediawaye, Dakar, Sénégal","https://images.coinafrique.com/thumb_5333365_uploaded_image1_1747518081.jpg"
"1771768134-209","https://sn.coinafrique.com/categorie/moutons","","Mouton de race","350 000CFA","Guediawaye, Dakar, Sénégal","https://images.coinafrique.com/thumb_5333364_uploaded_image1_1747517896.jpg"
"1771768134-210","https://sn.coinafrique.com/categorie/moutons","","Mouton","165 000CFA","Mariste, Dakar, Sénégal","https://images.coinafrique.com/thumb_5331651_uploaded_image1_1747411805.jpg"
"1771768134-211","https://sn.coinafrique.com/categorie/moutons","","Mouton Ladoum","850 000CFA","Medina, Dakar, Sénégal","https://images.coinafrique.com/thumb_5328631_uploaded_image1_1747268349.jpg"
"1771768134-212","https://sn.coinafrique.com/categorie/moutons","","Mouton Ladoum","550 000CFA","Keur Massar, Sénégal","https://images.coinafrique.com/thumb_5321660_uploaded_image1_1746897337.jpg"
"1771768134-213","https://sn.coinafrique.com/categorie/moutons","","Mouton de tabaski","325 000CFA","Guediawaye, Dakar, Sénégal","https://images.coinafrique.com/thumb_5316393_uploaded_image1_1746633254.jpg"
"1771768134-214","https://sn.coinafrique.com/categorie/moutons","","Mouton de tabaski","325 000CFA","Guediawaye, Dakar, Sénégal","https://images.coinafrique.com/thumb_5316327_uploaded_image1_1746631366.jpg"
"1771768134-215","https://sn.coinafrique.com/categorie/moutons","","Mouton de tabaski","350 000CFA","Guediawaye, Dakar, Sénégal","https://images.coinafrique.com/thumb_5316323_uploaded_image1_1746631293.jpg"
"1771768134-216","https://sn.coinafrique.com/categorie/moutons","","Mouton Ladoum","Prix sur demande","Guediawaye, Dakar, Sénégal","https://images.coinafrique.com/thumb_5311454_uploaded_image1_1746381105.jpg"
"1771768134-217","https://sn.coinafrique.com/categorie/moutons","","Mouton Ladoum","600 000CFA","Guediawaye, Dakar, Sénégal","https://images.coinafrique.com/thumb_5311435_uploaded_image1_1746380521.jpg"
"1771768134-218","https://sn.coinafrique.com/categorie/moutons","","Mouton","375 000CFA","Guediawaye, Dakar, Sénégal","https://images.coinafrique.com/thumb_5302025_uploaded_image1_1745854211.jpg"
"1771768134-219","https://sn.coinafrique.com/categorie/moutons","","Mouton","375 000CFA","Guediawaye, Dakar, Sénégal","https://images.coinafrique.com/thumb_5302020_uploaded_image1_1745854071.jpg"
"1771768134-220","https://sn.coinafrique.com/categorie/moutons","","Mouton Toubaberr","105 000CFA","Guediawaye, Dakar, Sénégal","https://images.coinafrique.com/thumb_5271542_uploaded_image1_1744106341.jpg"
"1771768134-221","https://sn.coinafrique.com/categorie/moutons","","Mouton de tabaski","400CFA","Guediawaye, Dakar, Sénégal","https://images.coinafrique.com/thumb_5289057_uploaded_image1_1745062997.jpg"
"1771768134-222","https://sn.coinafrique.com/categorie/moutons","","Mouton de tabaski","350CFA","Guediawaye, Dakar, Sénégal","https://images.coinafrique.com/thumb_5289055_uploaded_image1_1745062842.jpg"
"1771768134-223","https://sn.coinafrique.com/categorie/moutons","","Mouton","80 000CFA","Dieuppeul-Derklé, Dakar, Sénégal","https://images.coinafrique.com/thumb_5288288_uploaded_image1_1744995144.jpg"
"1771768134-224","https://sn.coinafrique.com/categorie/moutons","","Mouton","150 000CFA","Dieuppeul-Derklé, Dakar, Sénégal","https://images.coinafrique.com/thumb_5288284_uploaded_image1_1744994723.jpg"
"1771768134-225","https://sn.coinafrique.com/categorie/moutons","","Mouton","350 000CFA","Bambey, Sénégal","https://images.coinafrique.com/thumb_5242287_uploaded_image2_1742488655.jpeg"
"1771768134-226","https://sn.coinafrique.com/categorie/moutons","","Mouton","350 000CFA","Guediawaye, Dakar, Sénégal","https://images.coinafrique.com/thumb_5234191_uploaded_image1_1742083080.jpg"
"1771768134-227","https://sn.coinafrique.com/categorie/moutons","","Mouton de race","350 000CFA","Guediawaye, Dakar, Sénégal","https://images.coinafrique.com/thumb_5228921_uploaded_image1_1741801692.jpg"
"1771768134-228","https://sn.coinafrique.com/categorie/moutons","","Mouton","350 000CFA","Guediawaye, Dakar, Sénégal","https://images.coinafrique.com/thumb_5228913_uploaded_image1_1741801582.jpg"
"1771768134-229","https://sn.coinafrique.com/categorie/moutons","","Mouton","300 000CFA","Keur Massar, Sénégal","https://images.coinafrique.com/thumb_5200965_uploaded_image1_1740410729.jpg"
"1771768134-230","https://sn.coinafrique.com/categorie/moutons","","Mouton","350 000CFA","Guediawaye, Dakar, Sénégal","https://images.coinafrique.com/thumb_5196558_uploaded_image1_1740141766.jpg"
"1771768134-231","https://sn.coinafrique.com/categorie/moutons","","Mouton","325 000CFA","Guediawaye, Dakar, Sénégal","https://images.coinafrique.com/thumb_5196554_uploaded_image1_1740141524.jpg"
"1771768134-232","https://sn.coinafrique.com/categorie/moutons","","Mouton Ladoum","300 000CFA","Diourbel, Sénégal","https://images.coinafrique.com/thumb_5187810_uploaded_image1_1739676570.jpg"
"1771768134-233","https://sn.coinafrique.com/categorie/moutons","","Mouton Ladoum","300 000CFA","Diourbel, Sénégal","https://images.coinafrique.com/thumb_5187800_uploaded_image1_1739674108.jpg"
"1771768134-234","https://sn.coinafrique.com/categorie/moutons","","Mouton Ladoum","300 000CFA","Diourbel, Sénégal","https://images.coinafrique.com/thumb_5187761_uploaded_image1_1739669832.jpg"
"1771768134-235","https://sn.coinafrique.com/categorie/moutons","","Mouton Ladoum","300 000CFA","Diourbel, Sénégal","https://images.coinafrique.com/thumb_5187749_uploaded_image1_1739669547.jpg"
"1771768134-236","https://sn.coinafrique.com/categorie/moutons","","Ladoum","750 000CFA","Guediawaye, Dakar, Sénégal","https://images.coinafrique.com/thumb_5179072_uploaded_image1_1739195002.jpg"
"1771768134-237","https://sn.coinafrique.com/categorie/moutons","","Bélier","225 000CFA","Guediawaye, Dakar, Sénégal","https://images.coinafrique.com/thumb_5179070_uploaded_image1_1739194872.jpg"
"1771768134-238","https://sn.coinafrique.com/categorie/moutons","","Mouton","200 000CFA","Biscuiterie, Dakar, Sénégal","https://images.coinafrique.com/thumb_5164450_uploaded_image1_1738427830.jpg"
"1771768134-239","https://sn.coinafrique.com/categorie/moutons","","Mouton","180 000CFA","Guediawaye, Dakar, Sénégal","https://images.coinafrique.com/thumb_5159269_uploaded_image1_1738163617.jpg"
"1771768134-240","https://sn.coinafrique.com/categorie/moutons","","Mouton Ladoum","375 000CFA","Parcelle Assainies, Dakar, Sénégal","https://images.coinafrique.com/thumb_5144166_uploaded_image1_1737393386.jpg"
"1771768134-241","https://sn.coinafrique.com/categorie/moutons","","Mouton Ladoum","1 000 000CFA","Guediawaye, Dakar, Sénégal","https://images.coinafrique.com/thumb_5114763_uploaded_image1_1735745896.jpg"
"1771768134-242","https://sn.coinafrique.com/categorie/moutons","","Mouton","180 000CFA","Guediawaye, Dakar, Sénégal","https://images.coinafrique.com/thumb_5114762_uploaded_image1_1735745550.jpg"
"1771768134-243","https://sn.coinafrique.com/categorie/moutons","","Mouton","140 000CFA","Guediawaye, Dakar, Sénégal","https://images.coinafrique.com/thumb_5090703_uploaded_image1_1734111129.jpg"
"1771768134-244","https://sn.coinafrique.com/categorie/moutons","","Mouton Ladoum","500 000CFA","Rufisque, Sénégal","https://images.coinafrique.com/thumb_5026510_uploaded_image1_1730734414.jpg"
"1771768134-245","https://sn.coinafrique.com/categorie/moutons","","Mouton Ladoum","1 000 000CFA","Rufisque, Sénégal","https://images.coinafrique.com/thumb_5026478_uploaded_image1_1730733079.jpg"
"1771768134-246","https://sn.coinafrique.com/categorie/moutons","","Mouton","150 000CFA","Niaga, Sénégal","https://images.coinafrique.com/thumb_4995716_uploaded_image1_1729028654.jpg"
"1771768134-247","https://sn.coinafrique.com/categorie/moutons","","Mouton Ladoum","350 000CFA","Mbao, Dakar, Sénégal","https://images.coinafrique.com/thumb_4969224_uploaded_image1_1727728741.jpg"
"1771768134-248","https://sn.coinafrique.com/categorie/moutons","","Mouton Ladoum","350 000CFA","Mbao, Dakar, Sénégal","https://images.coinafrique.com/thumb_4969221_uploaded_image1_1727728659.jpg"
"1771768134-249","https://sn.coinafrique.com/categorie/moutons","","Mouton Ladoum","650 000CFA","Mbao, Dakar, Sénégal","https://images.coinafrique.com/thumb_4969219_uploaded_image1_1727728556.jpg"
"1771768134-250","https://sn.coinafrique.com/categorie/moutons","","Femelle Ladoume","200 000CFA","Sicap Liberté, Dakar, Sénégal","https://images.coinafrique.com/thumb_4961186_uploaded_image1_1727261381.jpg"
"1771768134-251","https://sn.coinafrique.com/categorie/moutons","","Landoum pur","1 200 000CFA","Dakar, Sénégal","https://images.coinafrique.com/thumb_4948067_uploaded_image1_1726569636.jpg"
"1771768134-252","https://sn.coinafrique.com/categorie/moutons","","Mouton Ladoum","800 000CFA","Dieuppeul-Derklé, Dakar, Sénégal","https://images.coinafrique.com/thumb_4931367_uploaded_image1_1725633697.jpg"
"1771768138-253","https://sn.coinafrique.com/categorie/chiens","","Chiots","150 000CFA","Diamniadio, Sénégal","https://images.coinafrique.com/thumb_5782568_uploaded_image1_1771523397.jpg"
"1771768138-254","https://sn.coinafrique.com/categorie/chiens","","Berger Belge Malinois","250 000CFA","Sicap Liberté, Dakar, Sénégal","https://images.coinafrique.com/thumb_5777856_uploaded_image1_1771313983.jpg"
"1771768138-255","https://sn.coinafrique.com/categorie/chiens","","Chien","100 000CFA","Diamniadio, Sénégal","https://images.coinafrique.com/thumb_5769939_uploaded_image1_1770828331.jpg"
"1771768138-256","https://sn.coinafrique.com/categorie/chiens","","Chiot Bouledogues français","Prix sur demande","Point E, Dakar, Sénégal","https://images.coinafrique.com/thumb_5757166_uploaded_image1_1770160169.jpg"
"1771768138-257","https://sn.coinafrique.com/categorie/chiens","","Chiots Berger Allemand","150 000CFA","Guediawaye, Dakar, Sénégal","https://images.coinafrique.com/thumb_5751732_uploaded_image1_1769889114.jpg"
"1771768138-258","https://sn.coinafrique.com/categorie/chiens","","Chiots Berger Allemand","Prix sur demande","Almadies 2, Dakar, Sénégal","https://images.coinafrique.com/thumb_5735854_uploaded_image1_1769103978.jpg"
"1771768138-259","https://sn.coinafrique.com/categorie/chiens","","Chiots Samoyède","Prix sur demande","Almadies 2, Dakar, Sénégal","https://images.coinafrique.com/thumb_5735842_uploaded_image1_1769103800.jpg"
"1771768138-260","https://sn.coinafrique.com/categorie/chiens","","Chiots","325 000CFA","Sicap Liberté, Dakar, Sénégal","https://images.coinafrique.com/thumb_5735305_uploaded_image1_1769086998.jpg"
"1771768138-261","https://sn.coinafrique.com/categorie/chiens","","Chiot Husky femelle + 10kg","350 000CFA","Sicap Liberté, Dakar, Sénégal","https://images.coinafrique.com/thumb_5729912_uploaded_image1_1768887074.jpg"
"1771768138-262","https://sn.coinafrique.com/categorie/chiens","","Berger Allemand","250 000CFA","Sicap Liberté, Dakar, Sénégal","https://images.coinafrique.com/thumb_5727097_uploaded_image1_1768728630.jpg"
"1771768138-263","https://sn.coinafrique.com/categorie/chiens","","Bichon","200 000CFA","Sicap Liberté, Dakar, Sénégal","https://images.coinafrique.com/thumb_5727093_uploaded_image1_1768728563.jpg"
"1771768138-264","https://sn.coinafrique.com/categorie/chiens","","Chiots Berger Allemand","180CFA","Guediawaye, Sénégal","https://images.coinafrique.com/thumb_5724820_uploaded_image1_1768584135.jpg"
"1771768138-265","https://sn.coinafrique.com/categorie/chiens","","Chiot Husky femelle","350 000CFA","Sicap Liberté, Dakar, Sénégal","https://images.coinafrique.com/thumb_5715193_uploaded_image1_1768132975.jpg"
"1771768138-266","https://sn.coinafrique.com/categorie/chiens","","Chiot Bichon Maltais","150 000CFA","Sicap Liberté, Dakar, Sénégal","https://images.coinafrique.com/thumb_5713394_uploaded_image1_1768013303.jpg"
"1771768138-267","https://sn.coinafrique.com/categorie/chiens","","Berger Allemand","450 000CFA","Sicap Liberté, Dakar, Sénégal","https://images.coinafrique.com/thumb_5711909_uploaded_image1_1767945597.jpg"
"1771768138-268","https://sn.coinafrique.com/categorie/chiens","","Chiot Husky","250 000CFA","Sicap Liberté, Dakar, Sénégal","https://images.coinafrique.com/thumb_5708534_uploaded_image1_1767798650.jpg"
"1771768138-269","https://sn.coinafrique.com/categorie/chiens","","Métisse  rock belger","75 000CFA","Dakar, Sénégal","https://images.coinafrique.com/thumb_5707420_uploaded_image1_1767744364.jpg"
"1771768138-270","https://sn.coinafrique.com/categorie/chiens","","Chiots Berger Malinois X","200 000CFA","Sicap Liberté, Dakar, Sénégal","https://images.coinafrique.com/thumb_5701157_uploaded_image1_1767442861.jpg"
"1771768138-271","https://sn.coinafrique.com/categorie/chiens","","Chiots malinois","280 000CFA","Rufisque, Sénégal","https://images.coinafrique.com/thumb_5699953_uploaded_image1_1767376903.jpg"
"1771768138-272","https://sn.coinafrique.com/categorie/chiens","","Berger Allemand","200 000CFA","Sicap Liberté, Dakar, Sénégal","https://images.coinafrique.com/thumb_5697068_uploaded_image1_1767154390.jpg"
"1771768138-273","https://sn.coinafrique.com/categorie/chiens","","Chiot malinois","250CFA","Thies, Sénégal","https://images.coinafrique.com/thumb_5690476_uploaded_image1_1766764470.jpg"
"1771768138-274","https://sn.coinafrique.com/categorie/chiens","","Chiot Labrador","250 000CFA","Guediawaye, Dakar, Sénégal","https://images.coinafrique.com/thumb_5672239_uploaded_image1_1765736340.jpg"
"1771768138-275","https://sn.coinafrique.com/categorie/chiens","","Chiots Dogue Argentin","Prix sur demande","Almadies 2, Dakar, Sénégal","https://images.coinafrique.com/thumb_5671568_uploaded_image1_1765675623.jpg"
"1771768138-276","https://sn.coinafrique.com/categorie/chiens","","Chiots Rottweiler","Prix sur demande","Almadies 2, Dakar, Sénégal","https://images.coinafrique.com/thumb_5671567_uploaded_image1_1765675459.jpg"
"1771768138-277","https://sn.coinafrique.com/categorie/chiens","","Chiots Husky","Prix sur demande","Almadies 2, Dakar, Sénégal","https://images.coinafrique.com/thumb_5671564_uploaded_image1_1765675272.jpg"
"1771768138-278","https://sn.coinafrique.com/categorie/chiens","","Chiots Spizt","Prix sur demande","Almadies 2, Dakar, Sénégal","https://images.coinafrique.com/thumb_5671563_uploaded_image1_1765674976.jpg"
"1771768138-279","https://sn.coinafrique.com/categorie/chiens","","Chiots labradors","300 000CFA","Guediawaye, Dakar, Sénégal","https://images.coinafrique.com/thumb_5667947_uploaded_image1_1765469989.jpg"
"1771768138-280","https://sn.coinafrique.com/categorie/chiens","","Chiot Husky","350 000CFA","Sicap Liberté, Dakar, Sénégal","https://images.coinafrique.com/thumb_5664078_uploaded_image1_1765299555.jpg"
"1771768138-281","https://sn.coinafrique.com/categorie/chiens","","Berger malinois charbonner","250CFA","Thies, Sénégal","https://images.coinafrique.com/thumb_5649558_uploaded_image1_1764572984.jpg"
"1771768138-282","https://sn.coinafrique.com/categorie/chiens","","Chiot Bichon Maltais","100 000CFA","Almadies, Dakar, Sénégal","https://images.coinafrique.com/thumb_5644579_uploaded_image1_1764272051.jpg"
"1771768138-283","https://sn.coinafrique.com/categorie/chiens","","Chiots Labradors Retriever","300 000CFA","Guediawaye, Dakar, Sénégal","https://images.coinafrique.com/thumb_5640905_uploaded_image1_1764096718.jpg"
"1771768138-284","https://sn.coinafrique.com/categorie/chiens","","Chiot Malinois","200 000CFA","Dakar, Sénégal","https://images.coinafrique.com/thumb_5628892_uploaded_image1_1763507006.jpg"
"1771768138-285","https://sn.coinafrique.com/categorie/chiens","","Chiot Berger Malinois","150 000CFA","Almadies 2, Dakar, Sénégal","https://images.coinafrique.com/thumb_5628715_uploaded_image1_1763500388.jpg"
"1771768138-286","https://sn.coinafrique.com/categorie/chiens","","Parfum Presa Canario","Prix sur demande","Thies, Sénégal","https://images.coinafrique.com/thumb_5617572_uploaded_image1_1762928156.jpg"
"1771768138-287","https://sn.coinafrique.com/categorie/chiens","","Chiot Malinois","125 000CFA","Mbao, Dakar, Sénégal","https://images.coinafrique.com/thumb_5616738_uploaded_image1_1762882607.jpg"
"1771768138-288","https://sn.coinafrique.com/categorie/chiens","","Chiots Border Collie","140 000CFA","Almadies, Dakar, Sénégal","https://images.coinafrique.com/thumb_5616729_uploaded_image1_1762882207.jpg"
"1771768138-289","https://sn.coinafrique.com/categorie/chiens","","Berger Belge Malinois","Prix sur demande","Sicap Liberté, Dakar, Sénégal","https://images.coinafrique.com/thumb_5616008_uploaded_image1_1762860338.jpg"
"1771768138-290","https://sn.coinafrique.com/categorie/chiens","","Chiot","60 000CFA","Dieuppeul-Derklé, Dakar, Sénégal","https://images.coinafrique.com/thumb_5613212_uploaded_image1_1762713775.jpg"
"1771768138-291","https://sn.coinafrique.com/categorie/chiens","","Chiot Pitbull Tricolor","120 000CFA","Thies, Sénégal","https://images.coinafrique.com/thumb_5610458_uploaded_image1_1762521942.jpg"
"1771768138-292","https://sn.coinafrique.com/categorie/chiens","","Chiot Labrador","400 000CFA","Sicap Liberté, Dakar, Sénégal","https://images.coinafrique.com/thumb_5603738_uploaded_image1_1762199868.jpg"
"1771768138-293","https://sn.coinafrique.com/categorie/chiens","","Chiot Bichon maltais","125 000CFA","Mariste, Dakar, Sénégal","https://images.coinafrique.com/thumb_5601862_uploaded_image1_1762106679.jpg"
"1771768138-294","https://sn.coinafrique.com/categorie/chiens","","Chiot Pitbull","Prix sur demande","Hann Bel-Air, Dakar, Sénégal","https://images.coinafrique.com/thumb_5599056_uploaded_image1_1761928314.jpg"
"1771768138-295","https://sn.coinafrique.com/categorie/chiens","","Chiot American","170CFA","Thies, Sénégal","https://images.coinafrique.com/thumb_5579814_uploaded_image1_1760778039.jpg"
"1771768138-296","https://sn.coinafrique.com/categorie/chiens","","Chiot Berger Allemand","250 000CFA","Sacré-Coeur, Dakar, Sénégal","https://images.coinafrique.com/thumb_5575546_uploaded_image1_1760547251.jpg"
"1771768138-297","https://sn.coinafrique.com/categorie/chiens","","Bichon Maltais frisé","150 000CFA","Mermoz-Sacré Coeur, Dakar, Sénégal","https://images.coinafrique.com/thumb_5572179_uploaded_image1_1760379385.jpg"
"1771768138-298","https://sn.coinafrique.com/categorie/chiens","","Chiot Presa Canario","650 000CFA","Thies, Sénégal","https://images.coinafrique.com/thumb_5565180_uploaded_image1_1759957391.jpg"
"1771768138-299","https://sn.coinafrique.com/categorie/chiens","","Chiot Berger Allemand","300 000CFA","Dakar, Sénégal","https://images.coinafrique.com/thumb_5563010_uploaded_image1_1759844917.jpg"
"1771768138-300","https://sn.coinafrique.com/categorie/chiens","","Chiot Husky Sibérien vacciné","400 000CFA","Sicap Liberté, Dakar, Sénégal","https://images.coinafrique.com/thumb_5560240_uploaded_image1_1759709034.jpg"
"1771768138-301","https://sn.coinafrique.com/categorie/chiens","","Chiots Berger Allemand","130 000CFA","Diamniadio, Sénégal","https://images.coinafrique.com/thumb_5560003_uploaded_image1_1759693627.jpg"
"1771768138-302","https://sn.coinafrique.com/categorie/chiens","","Chiot Labrador","450 000CFA","Sicap Liberté, Dakar, Sénégal","https://images.coinafrique.com/thumb_5550994_uploaded_image1_1759258475.jpg"
"1771768138-303","https://sn.coinafrique.com/categorie/chiens","","Chiot Golden Retriever","Prix sur demande","Almadies 2, Dakar, Sénégal","https://images.coinafrique.com/thumb_5540468_uploaded_image1_1758664107.jpg"
"1771768138-304","https://sn.coinafrique.com/categorie/chiens","","Chiot Bichon nain","200 000CFA","Sicap Liberté, Dakar, Sénégal","https://images.coinafrique.com/thumb_5530652_uploaded_image1_1758128841.jpg"
"1771768138-305","https://sn.coinafrique.com/categorie/chiens","","Husky pur sang femelle","250 000CFA","Ouakam, Dakar, Sénégal","https://images.coinafrique.com/thumb_5528570_uploaded_image1_1758035685.jpg"
"1771768138-306","https://sn.coinafrique.com/categorie/chiens","","Chiot pitbull","Prix sur demande","Thies, Sénégal","https://images.coinafrique.com/thumb_5528346_uploaded_image1_1758029532.jpg"
"1771768138-307","https://sn.coinafrique.com/categorie/chiens","","Chiot pitbull","100 000CFA","Thies, Sénégal","https://images.coinafrique.com/thumb_5528337_uploaded_image1_1758029337.jpg"
"1771768138-308","https://sn.coinafrique.com/categorie/chiens","","Chiot Boerboel","375 000CFA","Sicap Liberté, Dakar, Sénégal","https://images.coinafrique.com/thumb_5524708_uploaded_image1_1757840142.jpg"
"1771768138-309","https://sn.coinafrique.com/categorie/chiens","","Chiot  Husky","350 000CFA","Sacré-Coeur, Dakar, Sénégal","https://images.coinafrique.com/thumb_5524610_uploaded_image1_1757831632.jpg"
"1771768138-310","https://sn.coinafrique.com/categorie/chiens","","Chiot Rottweiler","250 000CFA","Pikine, Sénégal","https://images.coinafrique.com/thumb_5524392_uploaded_image1_1757805590.jpg"
"1771768138-311","https://sn.coinafrique.com/categorie/chiens","","Chiot Bichon","200 000CFA","Sacré-Coeur, Dakar, Sénégal","https://images.coinafrique.com/thumb_5521237_uploaded_image1_1757636811.jpg"
"1771768138-312","https://sn.coinafrique.com/categorie/chiens","","Chiot","100 000CFA","Thies, Sénégal","https://images.coinafrique.com/thumb_5516813_uploaded_image1_1757429045.jpg"
"1771768138-313","https://sn.coinafrique.com/categorie/chiens","","Chiot Pitbull","150CFA","Thies, Sénégal","https://images.coinafrique.com/thumb_5512296_uploaded_image1_1757182867.jpg"
"1771768138-314","https://sn.coinafrique.com/categorie/chiens","","Chiot Berger allemand","350 000CFA","Sacré-Coeur, Dakar, Sénégal","https://images.coinafrique.com/thumb_5507784_uploaded_image1_1756958536.jpg"
"1771768138-315","https://sn.coinafrique.com/categorie/chiens","","Chiot Malinois","250CFA","Pikine, Sénégal","https://images.coinafrique.com/thumb_5506845_uploaded_image1_1756907976.jpg"
"1771768138-316","https://sn.coinafrique.com/categorie/chiens","","Chiots Bichons Havanais","130 000CFA","Ouakam, Dakar, Sénégal","https://images.coinafrique.com/thumb_5498808_uploaded_image1_1756485463.jpg"
"1771768138-317","https://sn.coinafrique.com/categorie/chiens","","Chiots Berger Allemand","200 000CFA","Almadies 2, Dakar, Sénégal","https://images.coinafrique.com/thumb_5492262_uploaded_image1_1756135491.jpg"
"1771768138-318","https://sn.coinafrique.com/categorie/chiens","","Chiots Berger Allemand","Prix sur demande","Thies, Sénégal","https://images.coinafrique.com/thumb_5491012_uploaded_image1_1756047419.jpg"
"1771768138-319","https://sn.coinafrique.com/categorie/chiens","","Chiot Berger allemand grand gabarit","350 000CFA","Sacré-Coeur, Dakar, Sénégal","https://images.coinafrique.com/thumb_5490358_uploaded_image1_1755989245.jpg"
"1771768138-320","https://sn.coinafrique.com/categorie/chiens","","Chiots Labradors","300 000CFA","Guediawaye, Dakar, Sénégal","https://images.coinafrique.com/thumb_5489586_uploaded_image1_1755947226.jpg"
"1771768138-321","https://sn.coinafrique.com/categorie/chiens","","Chiots Labradors","300 000CFA","Guediawaye, Dakar, Sénégal","https://images.coinafrique.com/thumb_5489540_uploaded_image1_1755946028.jpg"
"1771768138-322","https://sn.coinafrique.com/categorie/chiens","","Chien  bichons","450 000CFA","Dakar Plateau, Dakar, Sénégal","https://images.coinafrique.com/thumb_5489184_uploaded_image1_1755926050.jpg"
"1771768138-323","https://sn.coinafrique.com/categorie/chiens","","Chiots Berger Allemand","350 000CFA","Sacré-Coeur, Dakar, Sénégal","https://images.coinafrique.com/thumb_5487110_uploaded_image1_1755815195.jpg"
"1771768138-324","https://sn.coinafrique.com/categorie/chiens","","Chiot Rottweiler","400 000CFA","Pikine, Sénégal","https://images.coinafrique.com/thumb_5486097_uploaded_image1_1755778960.jpg"
"1771768138-325","https://sn.coinafrique.com/categorie/chiens","","Bichon noir","130 000CFA","Dakar, Sénégal","https://images.coinafrique.com/thumb_5482763_uploaded_image1_1755623884.jpg"
"1771768138-326","https://sn.coinafrique.com/categorie/chiens","","Chiot Rottweiler","300 000CFA","Pikine, Sénégal","https://images.coinafrique.com/thumb_5480457_uploaded_image1_1755508783.jpg"
"1771768138-327","https://sn.coinafrique.com/categorie/chiens","","Chiot Bichon","200 000CFA","Sacré-Coeur, Dakar, Sénégal","https://images.coinafrique.com/thumb_5474603_uploaded_image2_1755135509.jpeg"
"1771768138-328","https://sn.coinafrique.com/categorie/chiens","","bichons mâle","150 000CFA","Dakar, Sénégal","https://images.coinafrique.com/thumb_5431028_uploaded_image1_1752941357.jpg"
"1771768138-329","https://sn.coinafrique.com/categorie/chiens","","Chiot Malinois","250 000CFA","Sipres, Dakar, Sénégal","https://images.coinafrique.com/thumb_5468013_uploaded_image1_1754773485.jpg"
"1771768138-330","https://sn.coinafrique.com/categorie/chiens","","Chiot Berger allemand","250 000CFA","Sacré-Coeur, Dakar, Sénégal","https://images.coinafrique.com/thumb_5467125_uploaded_image1_1754733559.jpg"
"1771768138-331","https://sn.coinafrique.com/categorie/chiens","","Chiots Berger Allemand","150 000CFA","Saint Louis, Sénégal","https://images.coinafrique.com/thumb_5466408_uploaded_image1_1754682101.jpg"
"1771768138-332","https://sn.coinafrique.com/categorie/chiens","","Chat siamois","100 000CFA","Almadies, Dakar, Sénégal","https://images.coinafrique.com/thumb_5465444_uploaded_image1_1754649176.jpg"
"1771768138-333","https://sn.coinafrique.com/categorie/chiens","","Chiot Hamster syrien","5 000CFA","Almadies, Dakar, Sénégal","https://images.coinafrique.com/thumb_5465432_uploaded_image1_1754648750.jpg"
"1771768138-334","https://sn.coinafrique.com/categorie/chiens","","Chiots Spizt","Prix sur demande","Almadies 2, Dakar, Sénégal","https://images.coinafrique.com/thumb_5464950_uploaded_image1_1754612259.jpg"
"1771768138-335","https://sn.coinafrique.com/categorie/chiens","","Chiots Berger","150 000CFA","Thies, Sénégal","https://images.coinafrique.com/thumb_5463591_uploaded_image1_1754561119.jpg"
"1771768138-336","https://sn.coinafrique.com/categorie/chiens","","Chiots Berger allemend","150 000CFA","Thies, Sénégal","https://images.coinafrique.com/thumb_5463584_uploaded_image1_1754560979.jpg"
